event_id,event_year,event_month,event_day,account_id,sampled,event_text,type,subtype,actors,places,keywords,wos_keys,bib_keys,extracted_from,comment
2483,2016,,,60,,,publication,,,,,000393114700020,pawluk:2016a,highly cited from field corpus,
2484,2015,,,60,,,publication,,,,,000368913300001,zhang:2015a,highly cited from field corpus,
2485,2017,,,60,,,publication,,,,,000395661700028,datlinger:2017,highly cited from field corpus,
2486,2012,,,60,,,publication,,,,,000305095400009,westra:2012b,highly cited from field corpus,
2487,2014,,,60,,,publication,,,,,000336025700012,chen:2014a,highly cited from field corpus,
2488,2014,,,60,,,publication,,,,,000340881400006,hsu:2014,highly cited from field corpus,
2489,2008,,,60,,,publication,,,,,000253192900010,sorek:2008,highly cited from field corpus,
2490,2011,,,60,,,publication,,,,,000290205200003,jore:2011,highly cited from field corpus,
2491,2008,,,60,,,publication,,,,,000253005800029,horvath:2008,highly cited from field corpus,
2492,2013,,,60,,,publication,,,,,000318073300047,vercoe:2013,highly cited from field corpus,
2493,2016,,,60,,,publication,,,,,000393114700023,adamson:2016,highly cited from field corpus,
2494,2010,,,60,,,publication,,,,,000275396200013,pul:2010,highly cited from field corpus,
2495,2016,,,60,,,publication,,,,,000381560900031,mohanraju:2016,highly cited from field corpus,
2496,2014,,,60,,,publication,,,,,000329163500014,auer:2014,highly cited from field corpus,
2497,2014,,,60,,,publication,,,,,000345913700005,nakade:2014,highly cited from field corpus,
2498,2013,,,60,,,publication,,,,,000322453600021,friedland:2013,highly cited from field corpus,
2499,2015,,,60,,,publication,,,,,000358801800014,birsoy:2015,highly cited from field corpus,
2500,2016,,,60,,,publication,,,,,000389133000023,ma:2016a,highly cited from field corpus,
2501,2015,,,60,,,publication,,,,,000351060000101,xie:2015,highly cited from field corpus,
2502,2017,,,60,,,publication,,,,,000395924600021,dowdy:2017,highly cited from field corpus,
2503,2016,,,60,,,publication,,,,,000375594200008,hockemeyer:2016,highly cited from field corpus,
2504,2011,,,60,,,publication,,,,,000291857500020,wiedenheft:2011a,highly cited from field corpus,
2505,2008,,,60,,,publication,,,,,000252443000018,tyson:2008,highly cited from field corpus,
2506,2015,,,60,,,publication,,,,,000365570500001,lawrenson:2015,highly cited from field corpus,
2507,2011,,,60,,,publication,,,,,000294439100012,chen:2011,highly cited from field corpus,
2508,2016,,,60,,,publication,,,,,000368440500044,long:2016,highly cited from field corpus,
2509,2013,,,60,,,publication,,,,,000322911000008,li:2013c,highly cited from field corpus,
2510,2014,,,60,,,publication,,,,,000346448900004,lin:2014a,highly cited from field corpus,
2511,2013,,,60,,,publication,,,,,000321950700019,gilbert:2013,highly cited from field corpus,
2512,2012,,,60,,,publication,,,,,000300481100006,zhang:2012b,highly cited from field corpus,
2513,2018,,,60,,,publication,,,,,000419550700113,casper:2018,highly cited from field corpus,
2514,2014,,,60,,,publication,,,,,000329163500012,sung:2014,highly cited from field corpus,
2515,2015,,,60,,,publication,,,,,000358396100032,nihongaki:2015a,highly cited from field corpus,
2516,2009,,,60,,,publication,,,,,000266218100008,horvath:2009,highly cited from field corpus,
2517,2014,,,60,,,publication,,,,,000337871200008,dean:2014,highly cited from field corpus,
2518,2015,,,60,,,publication,,,,,000350362000018,matano:2015,highly cited from field corpus,
2519,2013,,,60,,,publication,,,,,000323474900003,ebina:2013,highly cited from field corpus,
2520,2018,,,60,,,publication,,,,,000458690600007,kosicki:2018,highly cited from field corpus,
2521,2014,,,60,,,publication,,,,,000332819800027,fu:2014a,highly cited from field corpus,
2522,2010,,,60,,,publication,,,,,000280903800001,stern:2010,highly cited from field corpus,
2523,2014,,,60,,,publication,,,,,000347916900003,brinkman:2014,highly cited from field corpus,
2524,2005,,,60,,,publication,,,,,000231459000006,bolotin:2005,highly cited from field corpus,
2525,2015,,,60,,,publication,,,,,000361846500030,wang:2015e,highly cited from field corpus,
2526,2015,,,60,,,publication,,,,,000348775000036,konermann:2015,highly cited from field corpus,
2527,2013,,,60,,,publication,,,,,000324649000014,samson:2013,highly cited from field corpus,
2528,2002,,,60,,,publication,,,,,000173551200009,makarova:2002,highly cited from field corpus,
2529,2015,,,60,,,publication,,,,,000352079500016,baltimore:2015,highly cited from field corpus,
2530,2015,,,60,,,publication,,,,,000349198800015,zetsche:2015b,highly cited from field corpus,
2531,2013,,,60,,,publication,,,,,000322911000012,nekrasov:2013,highly cited from field corpus,
2532,2015,,,60,,,publication,,,,,000356869100043,jiang:2015b,highly cited from field corpus,
2533,2017,,,60,,,publication,,,,,000393737500042,burstein:2017,highly cited from field corpus,
2534,2015,,,60,,,publication,,,,,000368288700016,wit:2015,highly cited from field corpus,
2535,2009,,,60,,,publication,,,,,000271721400012,comas:2009,highly cited from field corpus,
2536,2015,,,60,,,publication,,,,,000359386900034,rossi:2015,highly cited from field corpus,
2537,2013,,,60,,,publication,,,,,000322911000010,shan:2013,highly cited from field corpus,
2538,2014,,,60,,,publication,,,,,000336126000038,zhou:2014a,highly cited from field corpus,
2539,2013,,,60,,,publication,,,,,000316941500007,chang:2013,highly cited from field corpus,
2540,2014,,,60,,,publication,,,,,000329162000053,shalem:2014,highly cited from field corpus,
2541,2015,,,60,,,publication,,,,,000362699600031,moreno-mateos:2015,highly cited from field corpus,
2542,2016,,,60,,,publication,,,,,000378950700021,savidis:2016,highly cited from field corpus,
2543,2018,,,60,,,publication,,,,,000434113900019,chen:2018a,highly cited from field corpus,
2544,2010,,,60,,,publication,,,,,000284718000012,palmer:2010,highly cited from field corpus,
2545,2013,,,60,,,publication,,,,,000322911000009,li:2013a,highly cited from field corpus,
2546,2014,,,60,,,publication,,,,,000338427600010,oost:2014,highly cited from field corpus,
2547,2014,,,60,,,publication,,,,,000346156800029,doench:2014,highly cited from field corpus,
2548,2017,,,60,,,publication,,,,,000408703100028,patel:2017,highly cited from field corpus,
2549,2015,,,60,,,publication,,,,,000353376800095,stemmer:2015,highly cited from field corpus,
2550,2017,,,60,,,publication,,,,,000394570600006,shi:2017,highly cited from field corpus,
2551,2016,,,60,,,publication,,,,,000366920600007,dominguez:2016,highly cited from field corpus,
2552,2015,,,60,,,publication,,,,,000365401000008,li:2015d,highly cited from field corpus,
2553,2016,,,60,,,publication,,,,,000387837800001,svitashev:2016,highly cited from field corpus,
2554,2016,,,60,,,publication,,,,,000383794500013,chavez:2016,highly cited from field corpus,
2555,2015,,,60,,,publication,,,,,000360990900027,hendel:2015,highly cited from field corpus,
2556,2014,,,60,,,publication,,,,,000345776200010,zhou:2014a,highly cited from field corpus,
2557,2015,,,60,,,publication,,,,,000350202400008,ousterout:2015,highly cited from field corpus,
2558,2014,,,60,,,publication,,,,,000329163500013,cho:2014,highly cited from field corpus,
2559,2013,,,60,,,publication,,,,,000320030000018,dugar:2013,highly cited from field corpus,
2560,2014,,,60,,,publication,,,,,000340558300012,canver:2014,highly cited from field corpus,
2561,2012,,,60,,,publication,,,,,000311568300014,westra:2012a,highly cited from field corpus,
2562,2016,,,60,,,publication,,,,,000379320300003,haeussler:2016,highly cited from field corpus,
2563,2014,,,60,,,publication,,,,,000338705900033,wu:2014,highly cited from field corpus,
2564,2014,,,60,,,publication,,,,,000331141600006,heigwer:2014,highly cited from field corpus,
2565,2014,,,60,,,publication,,,,,000341164500007,ding:2014,highly cited from field corpus,
2566,2014,,,60,,,publication,,,,,000336662200013,ramakrishna:2014,highly cited from field corpus,
2567,2017,,,60,,,publication,,,,,000416480600018,meyers:2017,highly cited from field corpus,
2568,2015,,,60,,,publication,,,,,000349966200002,nihongaki:2015b,highly cited from field corpus,
2569,2013,,,60,,,publication,,,,,000321736900106,hwang:2013b,highly cited from field corpus,
2570,2016,,,60,,,publication,,,,,000385194600025,chew:2016,highly cited from field corpus,
2571,2005,,,60,,,publication,,,,,000234713300005,haft:2005,highly cited from field corpus,
2572,2015,,,60,,,publication,,,,,000366044800004,hart:2015,highly cited from field corpus,
2573,2015,,,60,,,publication,,,,,000353162600006,davis:2015,highly cited from field corpus,
2574,2014,,,60,,,publication,,,,,000339310700008,port:2014,highly cited from field corpus,
2575,2013,,,60,,,publication,,,,,000324239300024,ran:2013b,highly cited from field corpus,
2576,2015,,,60,,,publication,,,,,000350564200018,aubrey:2015,highly cited from field corpus,
2577,2014,,,60,,,publication,,,,,000345072400019,brooks:2014,highly cited from field corpus,
2578,2014,,,60,,,publication,,,,,000335223300002,choi:2014,highly cited from field corpus,
2579,2015,,,60,,,publication,,,,,000364620900009,makarova:2015,highly cited from field corpus,
2580,2015,,,60,,,publication,,,,,000362095100034,marraffini:2015,highly cited from field corpus,
2581,2013,,,60,,,publication,,,,,000328585600001,jinek:2013,highly cited from field corpus,
2582,2016,,,60,,,publication,,,,,000369619100021,doench:2016,highly cited from field corpus,
2583,2015,,,60,,,publication,,,,,000358255300019,bondeson:2015,highly cited from field corpus,
2584,2016,,,60,,,publication,,,,,000368440500046,tabebordbar:2016,highly cited from field corpus,
2585,2002,,,60,,,publication,,,,,000175908600040,tang:2002,highly cited from field corpus,
2586,2016,,,60,,,publication,,,,,000374216400011,tsai:2016,highly cited from field corpus,
2587,2013,,,60,,,publication,,,,,000313615900057,bondy-denomy:2013,highly cited from field corpus,
2588,2016,,,60,,,publication,,,,,000381560900032,abudayyeh:2016,highly cited from field corpus,
2589,2015,,,60,,,publication,,,,,000350646500038,ma:2015a,highly cited from field corpus,
2590,2014,,,60,,,publication,,,,,000331799100003,liang:2014,highly cited from field corpus,
2591,2013,,,60,,,publication,,,,,000318569700010,makarova:2013b,highly cited from field corpus,
2592,2013,,,60,,,publication,,,,,000321175200004,gaj:2013,highly cited from field corpus,
2593,2016,,,60,,,publication,,,,,000368339300007,wright:2016,highly cited from field corpus,
2594,2012,,,60,,,publication,,,,,000306995000017,datsenko:2012,highly cited from field corpus,
2595,2009,,,60,,,publication,,,,,000272169400018,hale:2009,highly cited from field corpus,
2596,2017,,,60,,,publication,,,,,000400270900015,ren:2017a,highly cited from field corpus,
2597,2013,,,60,,,publication,,,,,000324306300022,fu:2013,highly cited from field corpus,
2598,2013,,,60,,,publication,,,,,000328551300004,nakayama:2013,highly cited from field corpus,
2599,2014,,,60,,,publication,,,,,000336662200012,kim:2014a,highly cited from field corpus,
2600,2018,,,60,,,publication,,,,,000430949600042,chen:2018b,highly cited from field corpus,
2601,2017,,,60,,,publication,,,,,000408279000030,ma:2017,highly cited from field corpus,
2602,2017,,,60,,,publication,,,,,000398780600029,kim:2017,highly cited from field corpus,
2603,2018,,,60,,,publication,,,,,000443547000026,knott:2018,highly cited from field corpus,
2604,2016,,,60,,,publication,,,,,000389133000024,hess:2016,highly cited from field corpus,
2605,2013,,,60,,,publication,,,,,000326164100008,larson:2013,highly cited from field corpus,
2606,2016,,,60,,,publication,,,,,000383444400036,nishida:2016,highly cited from field corpus,
2607,2013,,,60,,,publication,,,,,000324306300023,hsu:2013,highly cited from field corpus,
2608,2014,,,60,,,publication,,,,,000344373300003,arribere:2014,highly cited from field corpus,
2609,2016,,,60,,,publication,,,,,000377045400021,peters:2016,highly cited from field corpus,
2610,2014,,,60,,,publication,,,,,000331379800020,niu:2014,highly cited from field corpus,
2611,2017,,,60,,,publication,,,,,000416043700037,gaudelli:2017,highly cited from field corpus,
2612,2012,,,60,,,publication,,,,,000312155800005,spang:2012,highly cited from field corpus,
2613,2014,,,60,,,publication,,,,,000342075800045,anders:2014,highly cited from field corpus,
2614,2013,,,60,,,publication,,,,,000322578000017,gratz:2013,highly cited from field corpus,
2615,2015,,,60,,,publication,,,,,000366422600045,wang:2015b,highly cited from field corpus,
2616,2016,,,60,,,publication,,,,,000379620200027,zhang:2016c,highly cited from field corpus,
2617,2013,,,60,,,publication,,,,,000325073800017,perez-pinera:2013a,highly cited from field corpus,
2618,2014,,,60,,,publication,,,,,000354991800013,whitworth:2014,highly cited from field corpus,
2619,2008,,,60,,,publication,,,,,000253005800028,deveau:2008,highly cited from field corpus,
2620,2015,,,60,,,publication,,,,,000350670300025,kim:2015,highly cited from field corpus,
2621,2013,,,60,,,publication,,,,,000316439500018,jiang:2013b,highly cited from field corpus,
2622,2014,,,60,,,publication,,,,,000334987300007,barrangou:2014,highly cited from field corpus,
2623,2015,,,60,,,publication,,,,,000365401000009,lowder:2015,highly cited from field corpus,
2624,2014,,,60,,,publication,,,,,000342988600055,xue:2014,highly cited from field corpus,
2625,2011,,,60,,,publication,,,,,000299299600013,bhaya:2011,highly cited from field corpus,
2626,2015,,,60,,,publication,,,,,000349840500009,polstein:2015,highly cited from field corpus,
2627,2015,,,60,,,publication,,,,,000351842000026,jiang:2015a,highly cited from field corpus,
2628,2015,,,60,,,publication,,,,,000353338000036,gantz:2015b,highly cited from field corpus,
2629,2003,,,60,,,publication,,,,,000180406700003,schouls:2003,highly cited from field corpus,
2630,2016,,,60,,,publication,,,,,000381278800011,chandrasekaran:2016,highly cited from field corpus,
2631,2015,,,60,,,publication,,,,,000349198800025,tsai:2015,highly cited from field corpus,
2632,2015,,,60,,,publication,,,,,000358172500002,fan:2015,highly cited from field corpus,
2633,2015,,,60,,,publication,,,,,000352633600002,liao:2015b,highly cited from field corpus,
2634,2017,,,60,,,publication,,,,,000394281600011,shmakov:2017,highly cited from field corpus,
2635,2010,,,60,,,publication,,,,,000273394000024,horvath:2010,highly cited from field corpus,
2636,2016,,,60,,,publication,,,,,000368758200030,hammond:2016,highly cited from field corpus,
2637,2013,,,60,,,publication,,,,,000314874400049,cong:2013,highly cited from field corpus,
2638,2013,,,60,,,publication,,,,,000327541200026,mao:2013,highly cited from field corpus,
2639,2002,,,60,,,publication,,,,,000174710000017,jansen:2002,highly cited from field corpus,
2640,2015,,,60,,,publication,,,,,000357695900041,crane:2015,highly cited from field corpus,
2641,2015,,,60,,,publication,,,,,000349198800024,frock:2015,highly cited from field corpus,
2642,2016,,,60,,,publication,,,,,000371597500044,chuong:2016,highly cited from field corpus,
2643,2006,,,60,,,publication,,,,,000238035500007,godde:2006,highly cited from field corpus,
2644,2008,,,60,,,publication,,,,,000258436700038,brouns:2008,highly cited from field corpus,
2645,2015,,,60,,,publication,,,,,000354314500036,maruyama:2015,highly cited from field corpus,
2646,2017,,,60,,,publication,,,,,000412346100021,rodriguez-leal:2017,highly cited from field corpus,
2647,2015,,,60,,,publication,,,,,000357356900010,varshney:2015,highly cited from field corpus,
2648,2017,,,60,,,publication,,,,,000396246700009,komor:2017a,highly cited from field corpus,
2649,2014,,,60,,,publication,,,,,000344521700019,gilbert:2014,highly cited from field corpus,
2650,2013,,,60,,,publication,,,,,000323050700006,xiao:2013,highly cited from field corpus,
2651,2016,,,60,,,publication,,,,,000385853600022,tzelepis:2016,highly cited from field corpus,
2652,2012,,,60,,,publication,,,,,000309604500003,gasiunas:2012,highly cited from field corpus,
2653,2015,,,60,,,publication,,,,,000349446000097,gao:2015,highly cited from field corpus,
2654,2007,,,60,,,publication,,,,,000255311500012,grissa:2007b,highly cited from field corpus,
2655,2015,,,60,,,publication,,,,,000365989800007,gantz:2015a,highly cited from field corpus,
2656,2013,,,60,,,publication,,,,,000326342500001,belhaj:2013,highly cited from field corpus,
2657,2010,,,60,,,publication,,,,,000283786900036,garneau:2010,highly cited from field corpus,
2658,2015,,,60,,,publication,,,,,000349455000010,yu:2015,highly cited from field corpus,
2659,2014,,,60,,,publication,,,,,000349825700006,zhang:2014b,highly cited from field corpus,
2660,2014,,,60,,,publication,,,,,000346455900042,ghorbal:2014,highly cited from field corpus,
2661,2011,,,60,,,publication,,,,,000293562600001,makarova:2011b,highly cited from field corpus,
2662,2011,,,60,,,publication,,,,,000297375700025,sapranauskas:2011,highly cited from field corpus,
2663,2015,,,60,,,publication,,,,,000351321400004,bortesi:2015,highly cited from field corpus,
2664,2009,,,60,,,publication,,,,,000264379800020,lillestol:2009,highly cited from field corpus,
2665,2013,,,60,,,publication,,,,,000327541200019,xie:2013,highly cited from field corpus,
2666,2015,,,60,,,publication,,,,,000364916000023,woo:2015,highly cited from field corpus,
2667,2015,,,60,,,publication,,,,,000365401000006,svitashev:2015,highly cited from field corpus,
2668,2014,,,60,,,publication,,,,,000340039700013,yang:2014,highly cited from field corpus,
2669,2015,,,60,,,publication,,,,,000354175200012,pefanis:2015,highly cited from field corpus,
2670,2015,,,60,,,publication,,,,,000364897000047,knight:2015,highly cited from field corpus,
2671,2014,,,60,,,publication,,,,,000338321400005,bae:2014b,highly cited from field corpus,
2672,2013,,,60,,,publication,,,,,000327532000006,mashiko:2013,highly cited from field corpus,
2673,2017,,,60,,,publication,,,,,000412829500053,abudayyeh:2017,highly cited from field corpus,
2674,2014,,,60,,,publication,,,,,000339807200051,hu:2014,highly cited from field corpus,
2675,2013,,,60,,,publication,,,,,000325073800029,dickinson:2013,highly cited from field corpus,
2676,2015,,,60,,,publication,,,,,000355154000005,sternberg:2015a,highly cited from field corpus,
2677,2016,,,60,,,publication,,,,,000368440500045,nelson:2016,highly cited from field corpus,
2678,2014,,,60,,,publication,,,,,000340878600008,veres:2014,highly cited from field corpus,
2679,2017,,,60,,,publication,,,,,000404151600001,kaczmarek:2017,highly cited from field corpus,
2680,2013,,,60,,,publication,,,,,000314874400050,mali:2013a,highly cited from field corpus,
2681,2016,,,60,,,publication,,,,,000375800300021,yamano:2016,highly cited from field corpus,
2682,2013,,,60,,,publication,,,,,000328693300006,chen:2013a,highly cited from field corpus,
2683,2011,,,60,,,publication,,,,,000285762100005,gudbergsdottir:2011,highly cited from field corpus,
2684,2013,,,60,,,publication,,,,,000321698100009,sorek:2013,highly cited from field corpus,
2685,2016,,,60,,,publication,,,,,000367364200048,slaymaker:2016,highly cited from field corpus,
2686,2015,,,60,,,publication,,,,,000352269500018,naito:2015,highly cited from field corpus,
2687,2014,,,60,,,publication,,,,,000337233800017,yin:2014,highly cited from field corpus,
2688,2014,,,60,,,publication,,,,,000332819800025,koike-yusa:2014,highly cited from field corpus,
2689,2015,,,60,,,publication,,,,,000363396000023,sun:2015a,highly cited from field corpus,
2690,2015,,,60,,,publication,,,,,000348036800013,li:2015b,highly cited from field corpus,
2691,2013,,,60,,,publication,,,,,000323970700028,bikard:2013,highly cited from field corpus,
2692,2015,,,60,,,publication,,,,,000352782700014,mans:2015,highly cited from field corpus,
2693,2015,,,60,,,publication,,,,,000358378900041,kleinstiver:2015b,highly cited from field corpus,
2694,2016,,,60,,,publication,,,,,000389441800001,dewitt:2016,highly cited from field corpus,
2695,2017,,,60,,,publication,,,,,000392157700001,liang:2017b,highly cited from field corpus,
2696,2013,,,60,,,publication,,,,,000326164100014,ran:2013a,highly cited from field corpus,
2697,2013,,,60,,,publication,,,,,000328072600012,wang:2013b,highly cited from field corpus,
2698,2013,,,60,,,publication,,,,,000325278000013,miao:2013,highly cited from field corpus,
2699,2015,,,60,,,publication,,,,,000347712900001,singh:2015b,highly cited from field corpus,
2700,2016,,,60,,,publication,,,,,000370325700046,jiang:2016b,highly cited from field corpus,
2701,2015,,,60,,,publication,,,,,000358117600002,wang:2015c,highly cited from field corpus,
2702,2017,,,60,,,publication,,,,,000416499500013,koonin:2017,highly cited from field corpus,
2703,2014,,,60,,,publication,,,,,000332224400042,sternberg:2014,highly cited from field corpus,
2704,2014,,,60,,,publication,,,,,000346484800053,maddalo:2014,highly cited from field corpus,
2705,2017,,,60,,,publication,,,,,000393267200018,doll:2017,highly cited from field corpus,
2706,2014,,,60,,,publication,,,,,000336380900017,nissim:2014,highly cited from field corpus,
2707,2013,,,60,,,publication,,,,,000325073800018,maeder:2013,highly cited from field corpus,
2708,2014,,,60,,,publication,,,,,000338768100008,chylinski:2014,highly cited from field corpus,
2709,2016,,,60,,,publication,,,,,000393114700022,dixit:2016,highly cited from field corpus,
2710,2018,,,60,,,publication,,,,,000438187700019,haapaniemi:2018,highly cited from field corpus,
2711,2013,,,60,,,publication,,,,,000329874100042,cho:2013b,highly cited from field corpus,
2712,2012,,,60,,,publication,,,,,000300287100034,wiedenheft:2012,highly cited from field corpus,
2713,2013,,,60,,,publication,,,,,000324765100038,hou:2013,highly cited from field corpus,
2714,2013,,,60,,,publication,,,,,000327100600071,ren:2013,highly cited from field corpus,
2715,2015,,,60,,,publication,,,,,000354054700006,liang:2015b,highly cited from field corpus,
2716,2015,,,60,,,publication,,,,,000355152600010,lupianez:2015,highly cited from field corpus,
2717,2014,,,60,,,publication,,,,,000337888600014,sakuma:2014,highly cited from field corpus,
2718,2014,,,60,,,publication,,,,,000336790800027,gagnon:2014,highly cited from field corpus,
2719,2017,,,60,,,publication,,,,,000411337700048,niu:2017,highly cited from field corpus,
2720,2015,,,60,,,publication,,,,,000353334500035,levy:2015,highly cited from field corpus,
2721,2011,,,60,,,publication,,,,,000295080500045,wiedenheft:2011b,highly cited from field corpus,
2722,2012,,,60,,,publication,,,,,000300481100005,hale:2012,highly cited from field corpus,
2723,2017,,,60,,,publication,,,,,000402291800024,tsai:2017,highly cited from field corpus,
2724,2015,,,60,,,publication,,,,,000347923200029,zalatan:2015,highly cited from field corpus,
2725,2015,,,60,,,publication,,,,,000355152600022,samai:2015,highly cited from field corpus,
2726,2015,,,60,,,publication,,,,,000364828900027,zetsche:2015a,highly cited from field corpus,
2727,2009,,,60,,,publication,,,,,000269381700004,oost:2009,highly cited from field corpus,
2728,2014,,,60,,,publication,,,,,000341253500003,ryan:2014,highly cited from field corpus,
2729,2008,,,60,,,publication,,,,,000262110400012,carte:2008,highly cited from field corpus,
2730,2014,,,60,,,publication,,,,,000337233800021,guilinger:2014,highly cited from field corpus,
2731,2015,,,60,,,publication,,,,,000351269100001,jacobs:2015,highly cited from field corpus,
2732,2013,,,60,,,publication,,,,,000315661500041,seed:2013,highly cited from field corpus,
2733,2007,,,60,,,publication,,,,,000248130600001,bland:2007,highly cited from field corpus,
2734,2014,,,60,,,publication,,,,,000333804200002,gao:2014b,highly cited from field corpus,
2735,1987,,,60,,,publication,,,,,A1987L042600013,ishino:1987,highly cited from field corpus,
2736,2015,,,60,,,publication,,,,,000347714200030,zuris:2015,highly cited from field corpus,
2737,2014,,,60,,,publication,,,,,000334599700010,kim:2014c,highly cited from field corpus,
2738,2017,,,60,,,publication,,,,,000391739900002,liu:2017e,highly cited from field corpus,
2739,2016,,,60,,,publication,,,,,000381210900016,vojta:2016,highly cited from field corpus,
2740,2015,,,60,,,publication,,,,,000355614400001,ramanan:2015,highly cited from field corpus,
2741,2013,,,60,,,publication,,,,,000323271400055,jao:2013,highly cited from field corpus,
2742,2007,,,60,,,publication,,,,,000247285200001,grissa:2007a,highly cited from field corpus,
2743,2017,,,60,,,publication,,,,,000396575500089,aken:2017,highly cited from field corpus,
2744,2013,,,60,,,publication,,,,,000316439500016,hwang:2013a,highly cited from field corpus,
2745,2014,,,60,,,publication,,,,,000344521700018,tanenbaum:2014,highly cited from field corpus,
2746,2014,,,60,,,publication,,,,,000338875900061,shen:2014b,highly cited from field corpus,
2747,2014,,,60,,,publication,,,,,000334846500009,westra:2014,highly cited from field corpus,
2748,2018,,,60,,,publication,,,,,000429103300034,hu:2018,highly cited from field corpus,
2749,2016,,,60,,,publication,,,,,000371802600031,yang:2016a,highly cited from field corpus,
2750,2011,,,60,,,publication,,,,,000288951200035,deltcheva:2011,highly cited from field corpus,
2751,2016,,,60,,,publication,,,,,000386339900015,sidik:2016,highly cited from field corpus,
2752,2016,,,60,,,publication,,,,,000376004300054,komor:2016,highly cited from field corpus,
2753,2015,,,60,,,publication,,,,,000361206400006,paix:2015,highly cited from field corpus,
2754,2015,,,60,,,publication,,,,,000359741400021,guo:2015,highly cited from field corpus,
2755,2006,,,60,,,publication,,,,,000244032500001,makarova:2006a,highly cited from field corpus,
2756,2014,,,60,,,publication,,,,,000343095600023,platt:2014,highly cited from field corpus,
2757,2013,,,60,,,publication,,,,,000325395600059,tan:2013,highly cited from field corpus,
2758,2014,,,60,,,publication,,,,,000338769400063,lin:2014,highly cited from field corpus,
2759,2014,,,60,,,publication,,,,,000348432500017,carroll:2014,highly cited from field corpus,
2760,2016,,,60,,,publication,,,,,000368673800029,kleinstiver:2016a,highly cited from field corpus,
2761,2013,,,60,,,publication,,,,,000323176900011,chylinski:2013,highly cited from field corpus,
2762,2014,,,60,,,publication,,,,,000328944500023,kearns:2014,highly cited from field corpus,
2763,2015,,,60,,,publication,,,,,000351397700003,land:2015,highly cited from field corpus,
2764,2013,,,60,,,publication,,,,,000321699500014,voytas:2013,highly cited from field corpus,
2765,2013,,,60,,,publication,,,,,000315710300022,qi:2013,highly cited from field corpus,
2766,2013,,,60,,,publication,,,,,000322911000011,li:2013b,highly cited from field corpus,
2767,2016,,,60,,,publication,,,,,000371802600032,richardson:2016,highly cited from field corpus,
2768,2013,,,60,,,publication,,,,,000318483200015,shen:2013,highly cited from field corpus,
2769,2017,,,60,,,publication,,,,,000406358300027,manguso:2017,highly cited from field corpus,
2770,2017,,,60,,,publication,,,,,000392460800019,zetsche:2017,highly cited from field corpus,
2771,2016,,,60,,,publication,,,,,000369619100022,korkmaz:2016,highly cited from field corpus,
2772,2014,,,60,,,publication,,,,,000342930000010,lei:2014,highly cited from field corpus,
2773,2013,,,60,,,publication,,,,,000323370600011,pennisi:2013,highly cited from field corpus,
2774,2013,,,60,,,publication,,,,,000315806800013,maresca:2013,highly cited from field corpus,
2775,2015,,,60,,,publication,,,,,000361858000008,tong:2015,highly cited from field corpus,
2776,2014,,,60,,,publication,,,,,000341281200011,xie:2014b,highly cited from field corpus,
2777,2017,,,60,,,publication,,,,,000396125500043,matsumoto:2017,highly cited from field corpus,
2778,2015,,,60,,,publication,,,,,000351951800022,chen:2015b,highly cited from field corpus,
2779,2016,,,60,,,publication,,,,,000381339600025,kleinstiver:2016b,highly cited from field corpus,
2780,2014,,,60,,,publication,,,,,000344977000020,bikard:2014,highly cited from field corpus,
2781,2011,,,60,,,publication,,,,,000290305200017,sinkunas:2011,highly cited from field corpus,
2782,2015,,,60,,,publication,,,,,000364396700036,canver:2015,highly cited from field corpus,
2783,2015,,,60,,,publication,,,,,000351841900013,ablain:2015,highly cited from field corpus,
2784,2015,,,60,,,publication,,,,,000366387700022,kleinstiver:2015a,highly cited from field corpus,
2785,2013,,,60,,,publication,,,,,000326746400040,cradick:2013,highly cited from field corpus,
2786,2017,,,60,,,publication,,,,,000396246700018,rauch:2017,highly cited from field corpus,
2787,2017,,,60,,,publication,,,,,000396284800017,wang:2017,highly cited from field corpus,
2788,2013,,,60,,,publication,,,,,000316439500017,cho:2013a,highly cited from field corpus,
2789,2014,,,60,,,publication,,,,,000341382700009,mohr:2014,highly cited from field corpus,
2790,2016,,,60,,,publication,,,,,000387326300042,fulco:2016,highly cited from field corpus,
2791,2013,,,60,,,publication,,,,,000329569500006,ding:2013,highly cited from field corpus,
2792,2014,,,60,,,publication,,,,,000338118900062,ye:2014,highly cited from field corpus,
2793,2010,,,60,,,publication,,,,,000284030600025,deveau:2010,highly cited from field corpus,
2794,2015,,,60,,,publication,,,,,000356825200005,sanchez-rivera:2015,highly cited from field corpus,
2795,2014,,,60,,,publication,,,,,000333749900019,shen:2014a,highly cited from field corpus,
2796,2009,,,60,,,publication,,,,,000264515100009,mojica:2009,highly cited from field corpus,
2797,2015,,,60,,,publication,,,,,000365318200001,cermak:2015,highly cited from field corpus,
2798,2014,,,60,,,publication,,,,,000332223200014,baltes:2014,highly cited from field corpus,
2799,2015,,,60,,,publication,,,,,000358197600212,nodvig:2015,highly cited from field corpus,
2800,2011,,,60,,,publication,,,,,000295407800006,minot:2011,highly cited from field corpus,
2801,2014,,,60,,,publication,,,,,000334340800019,sander:2014,highly cited from field corpus,
2802,2016,,,60,,,publication,,,,,000379015600045,zhang:2016b,highly cited from field corpus,
2803,2016,,,60,,,publication,,,,,000381339600024,kim:2016,highly cited from field corpus,
2804,2014,,,60,,,publication,,,,,000332246500012,hai:2014,highly cited from field corpus,
2805,2013,,,60,,,publication,,,,,000318167900046,dicarlo:2013,highly cited from field corpus,
2806,2014,,,60,,,publication,,,,,000349837900005,lin:2014b,highly cited from field corpus,
2807,2000,,,60,,,publication,,,,,000086338200024,mojica:2000,highly cited from field corpus,
2808,2014,,,60,,,publication,,,,,000339488200016,zhang:2014a,highly cited from field corpus,
2809,2013,,,60,,,publication,,,,,000328334500013,upadhyay:2013,highly cited from field corpus,
2810,2015,,,60,,,publication,,,,,000355154000006,boettcher:2015,highly cited from field corpus,
2811,2013,,,60,,,publication,,,,,000325278000012,feng:2013,highly cited from field corpus,
2812,2005,,,60,,,publication,,,,,000227707100005,pourcel:2005,highly cited from field corpus,
2813,2016,,,60,,,publication,,,,,000382646600035,paez-espino:2016,highly cited from field corpus,
2814,2009,,,60,,,publication,,,,,000267039900015,wiedenheft:2009,highly cited from field corpus,
2815,2014,,,60,,,publication,,,,,000341179800048,long:2014,highly cited from field corpus,
2816,2014,,,60,,,publication,,,,,000337010500007,nunez:2014,highly cited from field corpus,
2817,2010,,,60,,,publication,,,,,000273847900004,karginov:2010,highly cited from field corpus,
2818,2015,,,60,,,publication,,,,,000352348500025,dow:2015,highly cited from field corpus,
2819,2014,,,60,,,publication,,,,,000346933200001,xing:2014,highly cited from field corpus,
2820,2016,,,60,,,publication,,,,,000374123000025,nelles:2016,highly cited from field corpus,
2821,2015,,,60,,,publication,,,,,000365839200007,salmond:2015,highly cited from field corpus,
2822,2015,,,60,,,publication,,,,,000352454600031,ran:2015,highly cited from field corpus,
2823,2014,,,60,,,publication,,,,,000346609500026,li:2014,highly cited from field corpus,
2824,2016,,,60,,,publication,,,,,000369032600001,song:2016,highly cited from field corpus,
2825,2014,,,60,,,publication,,,,,000340075600007,sanjana:2014,highly cited from field corpus,
2826,2014,,,60,,,publication,,,,,000340701000002,yen:2014,highly cited from field corpus,
2827,2007,,,60,,,publication,,,,,000243922000001,edgar:2007,highly cited from field corpus,
2828,2016,,,60,,,publication,,,,,000379786800045,labun:2016,highly cited from field corpus,
2829,2018,,,60,,,publication,,,,,000430949600043,gootenberg:2018,highly cited from field corpus,
2830,2014,,,60,,,publication,,,,,000332083900012,nishimasu:2014,highly cited from field corpus,
2831,2016,,,60,,,publication,,,,,000372014200040,wang:2016,highly cited from field corpus,
2832,2014,,,60,,,publication,,,,,000344977000019,citorik:2014,highly cited from field corpus,
2833,2015,,,60,,,publication,,,,,000353635800009,liao:2015a,highly cited from field corpus,
2834,2016,,,60,,,publication,,,,,000371802600030,yin:2016,highly cited from field corpus,
2835,2015,,,60,,,publication,,,,,000350770500030,nunez:2015b,highly cited from field corpus,
2836,2014,,,60,,,publication,,,,,000336530000021,bae:2014a,highly cited from field corpus,
2837,2014,,,60,,,publication,,,,,000339439200014,fauser:2014,highly cited from field corpus,
2838,2014,,,60,,,publication,,,,,000340878600006,smith:2014,highly cited from field corpus,
2839,2017,,,60,,,publication,,,,,000402908700023,jiang:2017,highly cited from field corpus,
2840,2017,,,60,,,publication,,,,,000400809800017,zong:2017,highly cited from field corpus,
2841,2013,,,60,,,publication,,,,,000324239300023,yang:2013a,highly cited from field corpus,
2842,2014,,,60,,,publication,,,,,000342619200005,ghezraoui:2014,highly cited from field corpus,
2843,2016,,,60,,,publication,,,,,000378676000029,wu:2016,highly cited from field corpus,
2844,2015,,,60,,,publication,,,,,000353865700014,belhaj:2015,highly cited from field corpus,
2845,2013,,,60,,,publication,,,,,000329571700009,wu:2013,highly cited from field corpus,
2846,2005,,,60,,,publication,,,,,000226421500012,tang:2005,highly cited from field corpus,
2847,2017,,,60,,,publication,,,,,000400809800016,kim:2017b,highly cited from field corpus,
2848,2015,,,60,,,publication,,,,,000366854200012,maciejowski:2015,highly cited from field corpus,
2849,2016,,,60,,,publication,,,,,000376478200023,pardee:2016,highly cited from field corpus,
2850,2008,,,60,,,publication,,,,,000261799400054,marraffini:2008,highly cited from field corpus,
2851,2015,,,60,,,publication,,,,,000363832100040,shi:2015b,highly cited from field corpus,
2852,2015,,,60,,,publication,,,,,000358801800024,parnas:2015,highly cited from field corpus,
2853,2009,,,60,,,publication,,,,,000263688200014,waters:2009,highly cited from field corpus,
2854,2012,,,60,,,publication,,,,,000305095400010,sashital:2012,highly cited from field corpus,
2855,2016,,,60,,,publication,,,,,000383348500018,barrangou:2016a,highly cited from field corpus,
2856,2014,,,60,,,publication,,,,,000332526500021,gomaa:2014,highly cited from field corpus,
2857,2015,,,60,,,publication,,,,,000353645800008,kearns:2015,highly cited from field corpus,
2858,2014,,,60,,,publication,,,,,000333341100066,feng:2014,highly cited from field corpus,
2859,2016,,,60,,,publication,,,,,000371194300007,maeder:2016,highly cited from field corpus,
2860,2013,,,60,,,publication,,,,,000316851100026,crosetto:2013,highly cited from field corpus,
2861,2014,,,60,,,publication,,,,,000342600300034,heck:2014,highly cited from field corpus,
2862,2013,,,60,,,publication,,,,,000321901900020,bassett:2013,highly cited from field corpus,
2863,2013,,,60,,,publication,,,,,000324306300024,mali:2013b,highly cited from field corpus,
2864,2013,,,60,,,publication,,,,,000318844000018,wang:2013a,highly cited from field corpus,
2865,2015,,,60,,,publication,,,,,000360439500005,claussnitzer:2015,highly cited from field corpus,
2866,2014,,,60,,,publication,,,,,000343227800009,shan:2014,highly cited from field corpus,
2867,2014,,,60,,,publication,,,,,000337233800020,tsai:2014,highly cited from field corpus,
2868,2015,,,60,,,publication,,,,,000363020800006,sun:2015b,highly cited from field corpus,
2869,2014,,,60,,,publication,,,,,000329162000052,wang:2014a,highly cited from field corpus,
2870,2009,,,60,,,publication,,,,,000261628100022,zegans:2009,highly cited from field corpus,
2871,2008,,,60,,,publication,,,,,000256918800001,salzberg:2008,highly cited from field corpus,
2872,2014,,,60,,,publication,,,,,000332381000048,fonfara:2014,highly cited from field corpus,
2873,2018,,,60,,,publication,,,,,000438187700021,ihry:2018,highly cited from field corpus,
2874,2016,,,60,,,publication,,,,,000375473900046,soldner:2016,highly cited from field corpus,
2875,2016,,,60,,,publication,,,,,000390185300019,zhu:2016,highly cited from field corpus,
2876,2013,,,60,,,publication,,,,,000316465100008,sinkunas:2013,highly cited from field corpus,
2877,2016,,,60,,,publication,,,,,000393114700024,jaitin:2016,highly cited from field corpus,
2878,2017,,,60,,,publication,,,,,000396249600015,wu:2017b,highly cited from field corpus,
2879,2015,,,60,,,publication,,,,,000356876500006,liang:2015a,highly cited from field corpus,
2880,2011,,,60,,,publication,,,,,000292948300015,terns:2011,highly cited from field corpus,
2881,2013,,,60,,,publication,,,,,000314333000012,supply:2013,highly cited from field corpus,
2882,2008,,,60,,,publication,,,,,000256059800037,andersson:2008,highly cited from field corpus,
2883,2012,,,60,,,publication,,,,,000308265900008,bikard:2012,highly cited from field corpus,
2884,2014,,,60,,,publication,,,,,000346383500049,o'connell:2014,highly cited from field corpus,
2885,2011,,,60,,,publication,,,,,000286114200017,babu:2011,highly cited from field corpus,
2886,2008,,,60,,,publication,,,,,000258773600011,bourgogne:2008,highly cited from field corpus,
2887,2016,,,60,,,publication,,,,,000388161700045,dever:2016,highly cited from field corpus,
2888,2006,,,60,,,publication,,,,,000237737200001,brudey:2006,highly cited from field corpus,
2889,2015,,,60,,,publication,,,,,000360586700024,chari:2015,highly cited from field corpus,
2890,2012,,,60,,,publication,,,,,000307535600036,jinek:2012,highly cited from field corpus,
2891,2015,,,60,,,publication,,,,,000347714200034,swiech:2015,highly cited from field corpus,
2892,2015,,,60,,,publication,,,,,000359136100013,ma:2015b,highly cited from field corpus,
2893,2017,,,60,,,publication,,,,,000395671500043,eyquem:2017,highly cited from field corpus,
2894,2014,,,60,,,publication,,,,,000346484800054,sanchez-rivera:2014,highly cited from field corpus,
2895,2013,,,60,,,publication,,,,,000325278000007,cheng:2013,highly cited from field corpus,
2896,2014,,,60,,,publication,,,,,000338705900034,kuscu:2014,highly cited from field corpus,
2897,2007,,,60,,,publication,,,,,000245106900039,barrangou:2007,highly cited from field corpus,
2898,2015,,,60,,,publication,,,,,000351602800031,lanphier:2015,highly cited from field corpus,
2899,2015,,,60,,,publication,,,,,000354040900028,drost:2015,highly cited from field corpus,
2900,2015,,,60,,,publication,,,,,000360589900020,nishimasu:2015,highly cited from field corpus,
2901,2014,,,60,,,publication,,,,,000345012700016,mandal:2014,highly cited from field corpus,
2902,2013,,,60,,,publication,,,,,000318558200039,sampson:2013,highly cited from field corpus,
2903,2015,,,60,,,publication,,,,,000362355400018,mazur:2015,highly cited from field corpus,
2904,2011,,,60,,,publication,,,,,000291857500021,semenova:2011,highly cited from field corpus,
2905,2013,,,60,,,publication,,,,,000327892200016,hruscha:2013,highly cited from field corpus,
2906,2014,,,60,,,publication,,,,,000349840100003,seeger:2014,highly cited from field corpus,
2907,2005,,,60,,,publication,,,,,000227070100004,mojica:2005,highly cited from field corpus,
2908,2015,,,60,,,publication,,,,,000358957500007,xu:2015,highly cited from field corpus,
2909,2014,,,60,,,publication,,,,,000339715000067,montague:2014,highly cited from field corpus,
2910,2016,,,60,,,publication,,,,,000388916600065,suzuki:2016,highly cited from field corpus,
2911,2014,,,60,,,publication,,,,,000347689500003,kabadi:2014,highly cited from field corpus,
2912,2014,,,60,,,publication,,,,,000341174800042,findlay:2014,highly cited from field corpus,
2913,2013,,,60,,,publication,,,,,000326746400002,jiang:2013a,highly cited from field corpus,
2914,2017,,,60,,,publication,,,,,000397282700011,joung:2017b,highly cited from field corpus,
2915,2010,,,60,,,publication,,,,,000281657300042,haurwitz:2010,highly cited from field corpus,
2916,2014,,,60,,,publication,,,,,000349777500001,jinek:2014,highly cited from field corpus,
2917,2017,,,60,,,publication,,,,,000400143000054,gootenberg:2017,highly cited from field corpus,
2918,2014,,,60,,,publication,,,,,000346280700017,schiml:2014,highly cited from field corpus,
2919,2015,,,60,,,publication,,,,,000354314500038,chu:2015,highly cited from field corpus,
2920,2015,,,60,,,publication,,,,,000364938300003,freedman:2015,highly cited from field corpus,
2921,2013,,,60,,,publication,,,,,000324174200024,yu:2013,highly cited from field corpus,
2922,2013,,,60,,,publication,,,,,000326507600029,esvelt:2013,highly cited from field corpus,
2923,2016,,,60,,,publication,,,,,000387872600001,horlbeck:2016,highly cited from field corpus,
2924,2013,,,60,,,publication,,,,,000324306300025,pattanayak:2013,highly cited from field corpus,
2925,2010,,,60,,,publication,,,,,000273981100057,marraffini:2010b,highly cited from field corpus,
2926,2015,,,60,,,publication,,,,,000352083100018,chavez:2015,highly cited from field corpus,
2927,2014,,,60,,,publication,,,,,000340880100013,gonzalez:2014,highly cited from field corpus,
2928,2014,,,60,,,publication,,,,,000334179300005,gratz:2014,highly cited from field corpus,
2929,2010,,,60,,,publication,,,,,000274649900009,marraffini:2010,highly cited from field corpus,
2930,2011,,,60,,,publication,,,,,000290614100019,makarova:2011a,highly cited from field corpus,
2931,2014,,,60,,,publication,,,,,000345776200002,oh:2014,highly cited from field corpus,
2932,2018,,,60,,,publication,,,,,000432115300015,adli:2018a,highly cited from field corpus,
2933,2012,,,60,,,publication,,,,,000305829000040,yosef:2012,highly cited from field corpus,
2934,2017,,,60,,,publication,,,,,000402291800005,schaefer:2017,highly cited from field corpus,
2935,2015,,,60,,,publication,,,,,000368286000009,shmakov:2015,highly cited from field corpus,
2936,2016,,,60,,,publication,,,,,000375473900052,paquet:2016,highly cited from field corpus,
2937,2017,,,60,,,publication,,,,,000400809800018,shimatani:2017,highly cited from field corpus,
2938,2014,,,60,,,publication,,,,,000342600300035,wang:2014b,highly cited from field corpus,
2939,2015,,,60,,,publication,,,,,000350862600022,jakounas:2015,highly cited from field corpus,
2940,2016,,,60,,,publication,,,,,000374815900051,fonfara:2016,highly cited from field corpus,
2941,2016,,,60,,,publication,,,,,000386671000050,east-seletsky:2016,highly cited from field corpus,
2942,2017,,,60,,,publication,,,,,000394499000001,kim:2017a,highly cited from field corpus,
2943,2016,,,60,,,publication,,,,,000379015600044,marceau:2016,highly cited from field corpus,
2944,2016,,,60,,,publication,,,,,000367944900037,flavahan:2016,highly cited from field corpus,
2945,2017,,,60,,,publication,,,,,000416590400033,cox:2017,highly cited from field corpus,
2946,2017,,,60,,,publication,,,,,000413247900063,chen:2017,highly cited from field corpus,
2947,2015,,,60,,,publication,,,,,000356019700027,shi:2015a,highly cited from field corpus,
2948,2015,,,60,,,publication,,,,,000364270700053,sternberg:2015b,highly cited from field corpus,
2949,2014,,,60,,,publication,,,,,000209690800001,esvelt:2014,highly cited from field corpus,
2950,2008,,,60,,,publication,,,,,000261398400014,hale:2008,highly cited from field corpus,
2951,2017,,,60,,,publication,,,,,000395901600008,tang:2017,highly cited from field corpus,
2952,2015,,,60,,,publication,,,,,000366422600046,yang:2015,highly cited from field corpus,
2953,2015,,,60,,,publication,,,,,000359738300080,schumann:2015,highly cited from field corpus,
2954,2016,,,60,,,publication,,,,,000369098800016,thakore:2016,highly cited from field corpus,
2955,2013,,,60,,,publication,,,,,000329571700008,schwank:2013,highly cited from field corpus,
2956,2016,,,60,,,publication,,,,,000379324700011,wang:2016b,highly cited from field corpus,
2957,2015,,,60,,,publication,,,,,000359917000006,dickinson:2015,highly cited from field corpus,
2958,2015,,,60,,,publication,,,,,000350770500031,heler:2015,highly cited from field corpus,
2959,2015,,,60,,,publication,,,,,000349198800023,wang:2015d,highly cited from field corpus,
2960,2017,,,60,,,publication,,,,,000412346100022,reddy:2017,highly cited from field corpus,
2961,2015,,,60,,,publication,,,,,000349208000014,antal:2015,highly cited from field corpus,
2962,2013,,,60,,,publication,,,,,000325073800015,mali:2013c,highly cited from field corpus,
2963,2015,,,60,,,publication,,,,,000365890700022,thakore:2015,highly cited from field corpus,
2964,2010,,,60,,,publication,,,,,000274947600007,hyman:2010,highly cited from field corpus,
2965,2016,,,60,,,publication,,,,,000380583600032,mckenna:2016,highly cited from field corpus,
2966,2012,,,60,,,publication,,,,,000309056200011,wang:2012,highly cited from field corpus,
2967,2016,,,60,,,publication,,,,,000383663700001,zhang:2016d,highly cited from field corpus,
2968,2017,,,60,,,publication,,,,,000418861200001,lee:2017,highly cited from field corpus,
2969,2015,,,60,,,publication,,,,,000354314500032,hilton:2015,highly cited from field corpus,
2970,2015,,,60,,,publication,,,,,000353164800011,shalem:2015,highly cited from field corpus,
2971,2015,,,60,,,publication,,,,,000348974800014,cox:2015,highly cited from field corpus,
2972,2013,,,60,,,publication,,,,,000326044700027,yang:2013b,highly cited from field corpus,
2973,2014,,,60,,,publication,,,,,000345763400031,doudna:2014,highly cited from field corpus,
2974,2013,,,60,,,publication,,,,,000326122000006,farzadfard:2013,highly cited from field corpus,
2975,2012,,,60,,,publication,,,,,000305336000076,swarts:2012,highly cited from field corpus,
2976,2016,,,60,,,publication,,,,,000383355900027,aguirre:2016,highly cited from field corpus,
2977,2015,,,60,,,publication,,,,,000366678600058,orthwein:2015,highly cited from field corpus,
2978,2007,,,60,,,publication,,,,,000246982900018,kunin:2007,highly cited from field corpus,
2979,2014,,,60,,,publication,,,,,000338514800032,szczelkun:2014,highly cited from field corpus,
2980,2016,,,60,,,publication,,,,,000386317500021,morita:2016,highly cited from field corpus,
2981,2015,,,60,,,publication,,,,,000356841400008,cobb:2015,highly cited from field corpus,